{"cameraMode":{"drawMode":0,"name":"Shaded","section":"Shading Mode"},"sceneLighting":true,"audioPlay":false,"sceneViewState":{"m_AlwaysRefresh":false,"showFog":true,"showSkybox":true,"showFlares":true,"showImageEffects":true,"showParticleSystems":true,"showVisualEffectGraphs":true,"m_FxEnabled":true},"in2DMode":false,"pivot":{"x":3.6021032333374025,"y":0.47276735305786135,"z":-1.4932445287704468},"rotation":{"x":-0.12989191710948945,"y":-0.7740671634674072,"z":0.16864393651485444,"w":-0.5963221192359924},"size":4.253198146820068,"orthographic":false}